Brand,Town,Phone number,Name,Adress,Showroom time
Tata,Ahmedabad,918291098452,Cargo Motors Ahmedabad Private Limited-Maninagar,"No G2, The Arena, Eka Club, Kankaria Lake, Kankaria Maninagar, Opposite Parsi Agiyari, Ahmedabad, Gujarat 380002",Showroom Timing: 10:00 AM to 07:00 PM
Tata,Ahmedabad,7045269669,Cargo-Thaltej,"Shop No 2, Sumel 2, Sarkhej Gandhinagar Highway Thaltej, Near Gurudwara, Ahmedabad, Gujarat 380054",Showroom Timing: 10:00 AM to 07:00 PM
Tata,Ahmedabad,08045248718,Infinity Vehicles Pvt Ltd-Gupta Nagar,"Beside Shell Petrol Pump Opp. Jivaraj Park Police Chowki, Gupta Nagar, Ahmedabad, Gujarat 380007",Showroom Timing: 10:00 AM to 07:00 PM
Tata,Ahmedabad,08045248718,Infinty Vehicles Pvt Ltd-Jivraj Park,"132 Feet Ring Road Jivraj Park, Beside Shell Petrol Pump, Ahmedabad, Gujarat 380015",Showroom Timing: 10:00 AM to 07:00 PM
Tata,Ahmedabad,7045269674,Karnavati Motors-Naroda,"No 122/1/2, Plot No 683, Nh 8 Naroda, Opposite Kailash Petrol Pump, Ahmedabad, Gujarat 382330",Showroom Timing: 10:00 AM to 07:00 PM
Tata,Ahmedabad,9825064138,Karnavati Motors-Vastral,"Gf/01, Rashmi Growth Hub, Sp Ring Road Circle, Odhav Vastral, Opposite Shreeya Residency, Ahmedabad, Gujarat 382415",Showroom Timing: 10:00 AM to 07:00 PM
Tata,Ahmedabad,8291058652,Progressive Cars Pvt Ltd-Usmanpura,"4 & 5, Ground Floor, Videocon Arizona Ashram Road, Beside Hyatt Regency, Ahmedabad, Gujarat 380001",Showroom Timing: 10:00 AM to 07:00 PM
Tata,Ahmedabad,/,Progressive Cars Pvt. Ltd. - Tapovan,"Fp No. 118, Nr. Shrushti Arcade, Visat Tapovan Road, Ahmedabad, Gujarat 382424",/
Tata,Ahmedabad,919167058163,Progressive Cars-Chandkheda,"2, 3 & 4, Setu Scarlet Complex, Visat Gandhinagar Highway Chandkheda, Near Hometown Furniture, Ahmedabad, Gujarat 380005",Showroom Timing: 10:00 AM to 07:00 PM
Tata,Ahmedabad,7045270667,Progressive Cars-S.G.Highway,"No G9, Shapath 5 Sg Highway, Beside Hotel Crown Plaza, Ahmedabad, Gujarat 380015",Showroom Timing: 10:00 AM to 07:00 PM
Tata,Ahmedabad,8291058714,Riya Autolink-Ambavadi,"Ground Floor, Sanoma Plaza, Panchvati Cross Road Ambavadi, Opp. Parimal Garden, Ahmedabad, Gujarat 380006",Showroom Timing: 10:00 AM to 07:00 PM
Tata,Ahmedabad,9167172978,Riya Autolink-Bavla,"Ground Floor, Business Square Complex Bavla Road, Opposite Ramdev Masala, Ahmedabad, Gujarat 382213",Showroom Timing: 10:00 AM to 07:00 PM
Tata,Ahmedabad,8291637056,Riya Autolink-Iscon Bopal Road,"Ground Floor Iscon Bopal Road, Near Dev Kutir Bunglows, Ahmedabad, Gujarat 380058",Showroom Timing: 10:00 AM to 07:00 PM
Tata,Ahmedabad,8291058675,Riya Autolink-Vijay Cross Road,"Shop No A1 To A3, Ground Floor, The Link Vijay Cross Road, Opp.Passport Office, Ahmedabad, Gujarat 380009",Showroom Timing: 10:00 AM to 07:00 PM
Tata,Ahmedabad,9909003068,Supernova Tata - Gota,"Ground Floor, Sg Business Hub Sg Road, Before Gota, Bridge, Gota, Ahmedabad, Gujarat 380060",/
Tata,Hebbal/Yelahanka,/,Bellad Enterprises Pvt. Ltd.,"Sarjapura Hobli, Survey No. 38/2, Somapur Village, Anekal Taluka, Bangalore, Karnataka 562125",/
Tata,Hebbal/Yelahanka,9845734777,Cauvery Motors-Aramane Nagar,"No 3 Achiah, Chetty Layout, Mekhri Circle Junction Aramane Nagar, Opposite Palace Ground, Bangalore, Karnataka 560080",Showroom Timing: 10:00 AM to 07:00 PM
Tata,Hebbal/Yelahanka,919900013197,Cauvery Motors-Devanahalli,"No 205/446/2/447/448/120/3, Kmrp Ward, 27th Block, Devanahalli, Bangalore, Karnataka 562111",Showroom Timing: 10:00 AM to 07:00 PM
Tata,Hebbal/Yelahanka,/,Key Motor Ventures Pvt. Ltd. - Nelamangala,"No 172/4, Bhyraweshwra Nagar, Nelamangala Toll, Near Nava Yuga Tolla, Bangalore, Karnataka 562123",/
Tata,Hebbal/Yelahanka,08045249114,Kht Motors-Kundalahalli,"No. 736, Vijayalakshmi Square, Kundalahalli Main Road, Bangalore, Karnataka 560066",Showroom Timing: 10:00 AM to 07:00 PM
Tata,Hebbal/Yelahanka,9619259380,Prerana Motors-Yelahanka,"Survey No.1a- Block 20, Situated At Jakkur Plantation Village, Yelahanka Hobli, Bangalore, Karnataka 560064",Showroom Timing: 10:00 AM to 07:00 PM
Tata,Hebbal/Yelahanka,9619163375,Adishakti Cars-Chokkasandra,"No. 7, 8, 23, Ground Floor, Nh-4, Tumkur Road, Dasarahalli, Metro Station, Chokkasandra, T Dasarahalli, Bangalore, Karnataka 560057",Showroom Timing: 10:00 AM to 07:00 PM
Tata,Hebbal/Yelahanka,/,Bellad Enterprises Pvt. Ltd.,"Anekal Taluk, Bommasandra, Ward No 08, 235/Vi, Bommasandara Industrial Area, Attibele Hobli, Bangalore, Karnataka 560009",/
Tata,Hebbal/Yelahanka,919900013106,Cauvery Motors Pvt Ltd,"Sy No 14, Bidarahalli Hobli Kr Puram, Hoskote Taluk, Avalahalli, Bangalore, Karnataka 560002",Showroom Timing: 10:00 AM to 07:00 PM
Tata,Hebbal/Yelahanka,9108552577,Prerana Motors (P) Ltd,"28-D/29, 2nd Phase, 28-D/29, 1st Main Rd, Shivapura, Peenya, Bangalore, Karnataka 560058",Showroom Timing: 10:00 AM to 07:00 PM
Tata,Hebbal/Yelahanka,9619253965,Prerana Motors-Rajajinagar,"No.46, 10th Cross, West Of Chord Road, 2nd Stage, Near Navarang Under Pass, Rajajinagar, Bangalore, Karnataka 560079",Showroom Timing: 10:00 AM to 07:00 PM
Tata,Hebbal/Yelahanka,7045205277,Prerana Motors-Vinobha Nagar,"No 116, Ground Floor, Pride Hulkul Lalbagh Road, Bangalore, Karnataka 560027",Showroom Timing: 10:00 AM to 07:00 PM
Tata,Hebbal/Yelahanka,/,Urs Cars-Hinkal,"No 198/1, Kasaba Hobli, Hunsur Road, Hinkal, Bangalore, Karnataka 560057",Showroom Timing: 10:00 AM to 07:00 PM
Tata,Hebbal/Yelahanka,08045249114,Kht Motors-Domlur,"100 Feet Road, Domlur, Opp. Dell Exclusive Store, Inner Ring Road, Bangalore, Karnataka 560071",Showroom Timing: 10:00 AM to 07:00 PM
Tata,Hebbal/Yelahanka,9167170379,Kropex Auto Pvt Ltd-Mahadevpura,"Durga Waves, 186/26, 26a, Next To Icici Bank, A. Narayanapura, Mahadevapura, Bangalore, Karnataka 560016",/
Tata,Hebbal/Yelahanka,9619234743,Kropex Auto-Koramangala,"Salarpuria Annexe 1, Luskar, Hosur Road, Chikku Lakshmaiah Layout, Koramangala, Bangalore, Karnataka 560030",Showroom Timing: 10:00 AM to 07:00 PM
Tata,Hebbal/Yelahanka,8069126800,Adishakti Cars Pvt Ltd-Kalyanagar,"109/1, Horamavu Outer Ring Road, Kalyan Nagar, Banaswadi, Opp. Nandi Tyota Showroom, Bangalore, Karnataka 560043",Showroom Timing: 10:00 AM to 07:00 PM
Tata,Hebbal/Yelahanka,9619161195,Adishakti Cars-Hebbal,"#56, Opposite Lumbini Gardens, Veeranna Palya, Arabic College Post, Veeranna Palya Ring Road, Bangalore, Karnataka 560045",Showroom Timing: 10:00 AM to 07:00 PM
Tata,Hebbal/Yelahanka,7039286956,Cauvery Motors Pvt Ltd-Kr Puram,"Survey No.14, Avalahalli, Bidarahalli Hobli, Hoskote Main Road, Bangalore, Karnataka 560049",Showroom Timing: 10:00 AM to 07:00 PM
Tata,Hebbal/Yelahanka,9663388812,Kropex Auto Pvt Ltd-Chinnapanahalli,"Sy. No. 26, Hanumareddy Layout, Chinnapanahalli Main Road, Post Marathahalli, Bangalore, Karnataka 560037",Showroom Timing: 10:00 AM to 07:00 PM
Tata,Hebbal/Yelahanka,9619236256,Kropex Auto-Kaikondranhalli Junction,"Ground Floor, Bren Mercury, Kaikondranhalli Junction, Marthahalli – Sarjapur Road, Bangalore, Karnataka 560035",Showroom Timing: 10:00 AM to 07:00 PM
Tata,Hebbal/Yelahanka,9606058991,Key Motors,"353, Old No.19/3, Konanakunte Cross, 7th Mile Kanakpura Main Road, Bikasipura Cross, Bangalore, Karnataka 560062",Showroom Timing: 10:00 AM to 07:00 PM
Tata,Hebbal/Yelahanka,9619179881,Key Motors-Bannerghatta,"215/15, Arakere Gate, Bannerghatta Main Road, Bangalore, Karnataka 560076",Showroom Timing: 10:00 AM to 07:00 PM
Tata,Hebbal/Yelahanka,9619171905,Key Motors-Kanakapura,"No. 71/1a & 71/7, Jaraganahalli Village, Opp Temple Apartment, Kanakapura Main Road, Bangalore, Karnataka 560078",Showroom Timing: 10:00 AM to 07:00 PM
Tata,Hebbal/Yelahanka,/,Key Motor Ventures Pvt. Ltd. - RR Nagar,"Sy No 18/1b6, Near Gopalan Arcade Mall, Rr Nagar, Mysore Road, Bangalore, Karnataka 560039",/
Tata,Hebbal/Yelahanka,9619182585,Key Motor Ventures-Magadi,"No. 190/266, Gangadhariah Complex, Vishwaneedam Post, Magadi Main Road, Sunkadatakke, Bangalore, Karnataka 560091",Showroom Timing: 10:00 AM to 07:00 PM
Tata,Hebbal/Yelahanka,8879235507,Key Motors-Halage,"Metro Pillar 483, No 17/1b, Halage Vaderahalli Mysore Road, Bangalore, Karnataka 560039",Showroom Timing: 10:00 AM to 07:00 PM
Tata,Hebbal/Yelahanka,7045204372,Kropex Auto-Singasandra,"No 49/1, Hosur Main Road, Bangalore, Karnataka 560068",Showroom Timing: 10:00 AM to 07:00 PM
Tata,Hebbal/Yelahanka,9619254597,Prerana Motors-Btm Layout,"27th Main, Btm Layout, Sri Krishna Akshaya, 9, Phase I, Ring Road, Bangalore, Karnataka 560068",Showroom Timing: 10:00 AM to 07:00 PM
Tata,Central Bangalore,9619163375,Adishakti Cars-Chokkasandra,"No. 7, 8, 23, Ground Floor, Nh-4, Tumkur Road, Dasarahalli, Metro Station, Chokkasandra, T Dasarahalli, Bangalore, Karnataka 560057",Showroom Timing: 10:00 AM to 07:00 PM
Tata,Central Bangalore,/,Bellad Enterprises Pvt. Ltd.,"Anekal Taluk, Bommasandra, Ward No 08, 235/Vi, Bommasandara Industrial Area, Attibele Hobli, Bangalore, Karnataka 560009",/
Tata,Central Bangalore,919900013106,Cauvery Motors Pvt Ltd,"Sy No 14, Bidarahalli Hobli Kr Puram, Hoskote Taluk, Avalahalli, Bangalore, Karnataka 560002",Showroom Timing: 10:00 AM to 07:00 PM
Tata,Central Bangalore,9108552577,Prerana Motors (P) Ltd,"28-D/29, 2nd Phase, 28-D/29, 1st Main Rd, Shivapura, Peenya, Bangalore, Karnataka 560058",Showroom Timing: 10:00 AM to 07:00 PM
Tata,Central Bangalore,9619253965,Prerana Motors-Rajajinagar,"No.46, 10th Cross, West Of Chord Road, 2nd Stage, Near Navarang Under Pass, Rajajinagar, Bangalore, Karnataka 560079",Showroom Timing: 10:00 AM to 07:00 PM
Tata,Central Bangalore,7045205277,Prerana Motors-Vinobha Nagar,"No 116, Ground Floor, Pride Hulkul Lalbagh Road, Bangalore, Karnataka 560027",Showroom Timing: 10:00 AM to 07:00 PM
Tata,Central Bangalore,/,Urs Cars-Hinkal,"No 198/1, Kasaba Hobli, Hunsur Road, Hinkal, Bangalore, Karnataka 560057",Showroom Timing: 10:00 AM to 07:00 PM
Tata,Central Bangalore,9606058991,Key Motors,"353, Old No.19/3, Konanakunte Cross, 7th Mile Kanakpura Main Road, Bikasipura Cross, Bangalore, Karnataka 560062",Showroom Timing: 10:00 AM to 07:00 PM
Tata,Central Bangalore,9619179881,Key Motors-Bannerghatta,"215/15, Arakere Gate, Bannerghatta Main Road, Bangalore, Karnataka 560076",Showroom Timing: 10:00 AM to 07:00 PM
Tata,Central Bangalore,9619171905,Key Motors-Kanakapura,"No. 71/1a & 71/7, Jaraganahalli Village, Opp Temple Apartment, Kanakapura Main Road, Bangalore, Karnataka 560078",Showroom Timing: 10:00 AM to 07:00 PM
Tata,Central Bangalore,8069126800,Adishakti Cars Pvt Ltd-Kalyanagar,"109/1, Horamavu Outer Ring Road, Kalyan Nagar, Banaswadi, Opp. Nandi Tyota Showroom, Bangalore, Karnataka 560043",Showroom Timing: 10:00 AM to 07:00 PM
Tata,Central Bangalore,9619161195,Adishakti Cars-Hebbal,"#56, Opposite Lumbini Gardens, Veeranna Palya, Arabic College Post, Veeranna Palya Ring Road, Bangalore, Karnataka 560045",Showroom Timing: 10:00 AM to 07:00 PM
Tata,Central Bangalore,7039286956,Cauvery Motors Pvt Ltd-Kr Puram,"Survey No.14, Avalahalli, Bidarahalli Hobli, Hoskote Main Road, Bangalore, Karnataka 560049",Showroom Timing: 10:00 AM to 07:00 PM
Tata,Central Bangalore,9663388812,Kropex Auto Pvt Ltd-Chinnapanahalli,"Sy. No. 26, Hanumareddy Layout, Chinnapanahalli Main Road, Post Marathahalli, Bangalore, Karnataka 560037",Showroom Timing: 10:00 AM to 07:00 PM
Tata,Central Bangalore,9619236256,Kropex Auto-Kaikondranhalli Junction,"Ground Floor, Bren Mercury, Kaikondranhalli Junction, Marthahalli – Sarjapur Road, Bangalore, Karnataka 560035",Showroom Timing: 10:00 AM to 07:00 PM
Tata,Central Bangalore,08045249114,Kht Motors-Domlur,"100 Feet Road, Domlur, Opp. Dell Exclusive Store, Inner Ring Road, Bangalore, Karnataka 560071",Showroom Timing: 10:00 AM to 07:00 PM
Tata,Central Bangalore,9167170379,Kropex Auto Pvt Ltd-Mahadevpura,"Durga Waves, 186/26, 26a, Next To Icici Bank, A. Narayanapura, Mahadevapura, Bangalore, Karnataka 560016",/
Tata,Central Bangalore,9619234743,Kropex Auto-Koramangala,"Salarpuria Annexe 1, Luskar, Hosur Road, Chikku Lakshmaiah Layout, Koramangala, Bangalore, Karnataka 560030",Showroom Timing: 10:00 AM to 07:00 PM
Tata,Central Bangalore,/,Bellad Enterprises Pvt. Ltd.,"Sarjapura Hobli, Survey No. 38/2, Somapur Village, Anekal Taluka, Bangalore, Karnataka 562125",/
Tata,Central Bangalore,9845734777,Cauvery Motors-Aramane Nagar,"No 3 Achiah, Chetty Layout, Mekhri Circle Junction Aramane Nagar, Opposite Palace Ground, Bangalore, Karnataka 560080",Showroom Timing: 10:00 AM to 07:00 PM
Tata,Central Bangalore,919900013197,Cauvery Motors-Devanahalli,"No 205/446/2/447/448/120/3, Kmrp Ward, 27th Block, Devanahalli, Bangalore, Karnataka 562111",Showroom Timing: 10:00 AM to 07:00 PM
Tata,Central Bangalore,/,Key Motor Ventures Pvt. Ltd. - Nelamangala,"No 172/4, Bhyraweshwra Nagar, Nelamangala Toll, Near Nava Yuga Tolla, Bangalore, Karnataka 562123",/
Tata,Central Bangalore,08045249114,Kht Motors-Kundalahalli,"No. 736, Vijayalakshmi Square, Kundalahalli Main Road, Bangalore, Karnataka 560066",Showroom Timing: 10:00 AM to 07:00 PM
Tata,Central Bangalore,9619259380,Prerana Motors-Yelahanka,"Survey No.1a- Block 20, Situated At Jakkur Plantation Village, Yelahanka Hobli, Bangalore, Karnataka 560064",Showroom Timing: 10:00 AM to 07:00 PM
Tata,Central Bangalore,/,Key Motor Ventures Pvt. Ltd. - RR Nagar,"Sy No 18/1b6, Near Gopalan Arcade Mall, Rr Nagar, Mysore Road, Bangalore, Karnataka 560039",/
Tata,Central Bangalore,9619182585,Key Motor Ventures-Magadi,"No. 190/266, Gangadhariah Complex, Vishwaneedam Post, Magadi Main Road, Sunkadatakke, Bangalore, Karnataka 560091",Showroom Timing: 10:00 AM to 07:00 PM
Tata,Central Bangalore,8879235507,Key Motors-Halage,"Metro Pillar 483, No 17/1b, Halage Vaderahalli Mysore Road, Bangalore, Karnataka 560039",Showroom Timing: 10:00 AM to 07:00 PM
Tata,Central Bangalore,7045204372,Kropex Auto-Singasandra,"No 49/1, Hosur Main Road, Bangalore, Karnataka 560068",Showroom Timing: 10:00 AM to 07:00 PM
Tata,Central Bangalore,9619254597,Prerana Motors-Btm Layout,"27th Main, Btm Layout, Sri Krishna Akshaya, 9, Phase I, Ring Road, Bangalore, Karnataka 560068",Showroom Timing: 10:00 AM to 07:00 PM
Tata,Bannerghatta Road,9606058991,Key Motors,"353, Old No.19/3, Konanakunte Cross, 7th Mile Kanakpura Main Road, Bikasipura Cross, Bangalore, Karnataka 560062",Showroom Timing: 10:00 AM to 07:00 PM
Tata,Bannerghatta Road,9619179881,Key Motors-Bannerghatta,"215/15, Arakere Gate, Bannerghatta Main Road, Bangalore, Karnataka 560076",Showroom Timing: 10:00 AM to 07:00 PM
Tata,Bannerghatta Road,9619171905,Key Motors-Kanakapura,"No. 71/1a & 71/7, Jaraganahalli Village, Opp Temple Apartment, Kanakapura Main Road, Bangalore, Karnataka 560078",Showroom Timing: 10:00 AM to 07:00 PM
Tata,Bannerghatta Road,9619163375,Adishakti Cars-Chokkasandra,"No. 7, 8, 23, Ground Floor, Nh-4, Tumkur Road, Dasarahalli, Metro Station, Chokkasandra, T Dasarahalli, Bangalore, Karnataka 560057",Showroom Timing: 10:00 AM to 07:00 PM
Tata,Bannerghatta Road,/,Bellad Enterprises Pvt. Ltd.,"Anekal Taluk, Bommasandra, Ward No 08, 235/Vi, Bommasandara Industrial Area, Attibele Hobli, Bangalore, Karnataka 560009",/
Tata,Bannerghatta Road,919900013106,Cauvery Motors Pvt Ltd,"Sy No 14, Bidarahalli Hobli Kr Puram, Hoskote Taluk, Avalahalli, Bangalore, Karnataka 560002",Showroom Timing: 10:00 AM to 07:00 PM
Tata,Bannerghatta Road,9108552577,Prerana Motors (P) Ltd,"28-D/29, 2nd Phase, 28-D/29, 1st Main Rd, Shivapura, Peenya, Bangalore, Karnataka 560058",Showroom Timing: 10:00 AM to 07:00 PM
Tata,Bannerghatta Road,9619253965,Prerana Motors-Rajajinagar,"No.46, 10th Cross, West Of Chord Road, 2nd Stage, Near Navarang Under Pass, Rajajinagar, Bangalore, Karnataka 560079",Showroom Timing: 10:00 AM to 07:00 PM
Tata,Bannerghatta Road,7045205277,Prerana Motors-Vinobha Nagar,"No 116, Ground Floor, Pride Hulkul Lalbagh Road, Bangalore, Karnataka 560027",Showroom Timing: 10:00 AM to 07:00 PM
Tata,Bannerghatta Road,/,Urs Cars-Hinkal,"No 198/1, Kasaba Hobli, Hunsur Road, Hinkal, Bangalore, Karnataka 560057",Showroom Timing: 10:00 AM to 07:00 PM
Tata,Bannerghatta Road,8069126800,Adishakti Cars Pvt Ltd-Kalyanagar,"109/1, Horamavu Outer Ring Road, Kalyan Nagar, Banaswadi, Opp. Nandi Tyota Showroom, Bangalore, Karnataka 560043",Showroom Timing: 10:00 AM to 07:00 PM
Tata,Bannerghatta Road,9619161195,Adishakti Cars-Hebbal,"#56, Opposite Lumbini Gardens, Veeranna Palya, Arabic College Post, Veeranna Palya Ring Road, Bangalore, Karnataka 560045",Showroom Timing: 10:00 AM to 07:00 PM
Tata,Bannerghatta Road,7039286956,Cauvery Motors Pvt Ltd-Kr Puram,"Survey No.14, Avalahalli, Bidarahalli Hobli, Hoskote Main Road, Bangalore, Karnataka 560049",Showroom Timing: 10:00 AM to 07:00 PM
Tata,Bannerghatta Road,9663388812,Kropex Auto Pvt Ltd-Chinnapanahalli,"Sy. No. 26, Hanumareddy Layout, Chinnapanahalli Main Road, Post Marathahalli, Bangalore, Karnataka 560037",Showroom Timing: 10:00 AM to 07:00 PM
Tata,Bannerghatta Road,9619236256,Kropex Auto-Kaikondranhalli Junction,"Ground Floor, Bren Mercury, Kaikondranhalli Junction, Marthahalli – Sarjapur Road, Bangalore, Karnataka 560035",Showroom Timing: 10:00 AM to 07:00 PM
Tata,Bannerghatta Road,/,Key Motor Ventures Pvt. Ltd. - RR Nagar,"Sy No 18/1b6, Near Gopalan Arcade Mall, Rr Nagar, Mysore Road, Bangalore, Karnataka 560039",/
Tata,Bannerghatta Road,9619182585,Key Motor Ventures-Magadi,"No. 190/266, Gangadhariah Complex, Vishwaneedam Post, Magadi Main Road, Sunkadatakke, Bangalore, Karnataka 560091",Showroom Timing: 10:00 AM to 07:00 PM
Tata,Bannerghatta Road,8879235507,Key Motors-Halage,"Metro Pillar 483, No 17/1b, Halage Vaderahalli Mysore Road, Bangalore, Karnataka 560039",Showroom Timing: 10:00 AM to 07:00 PM
Tata,Bannerghatta Road,7045204372,Kropex Auto-Singasandra,"No 49/1, Hosur Main Road, Bangalore, Karnataka 560068",Showroom Timing: 10:00 AM to 07:00 PM
Tata,Bannerghatta Road,9619254597,Prerana Motors-Btm Layout,"27th Main, Btm Layout, Sri Krishna Akshaya, 9, Phase I, Ring Road, Bangalore, Karnataka 560068",Showroom Timing: 10:00 AM to 07:00 PM
Tata,Bannerghatta Road,08045249114,Kht Motors-Domlur,"100 Feet Road, Domlur, Opp. Dell Exclusive Store, Inner Ring Road, Bangalore, Karnataka 560071",Showroom Timing: 10:00 AM to 07:00 PM
Tata,Bannerghatta Road,9167170379,Kropex Auto Pvt Ltd-Mahadevpura,"Durga Waves, 186/26, 26a, Next To Icici Bank, A. Narayanapura, Mahadevapura, Bangalore, Karnataka 560016",/
Tata,Bannerghatta Road,9619234743,Kropex Auto-Koramangala,"Salarpuria Annexe 1, Luskar, Hosur Road, Chikku Lakshmaiah Layout, Koramangala, Bangalore, Karnataka 560030",Showroom Timing: 10:00 AM to 07:00 PM
Tata,Bannerghatta Road,/,Bellad Enterprises Pvt. Ltd.,"Sarjapura Hobli, Survey No. 38/2, Somapur Village, Anekal Taluka, Bangalore, Karnataka 562125",/
Tata,Bannerghatta Road,9845734777,Cauvery Motors-Aramane Nagar,"No 3 Achiah, Chetty Layout, Mekhri Circle Junction Aramane Nagar, Opposite Palace Ground, Bangalore, Karnataka 560080",Showroom Timing: 10:00 AM to 07:00 PM
Tata,Bannerghatta Road,919900013197,Cauvery Motors-Devanahalli,"No 205/446/2/447/448/120/3, Kmrp Ward, 27th Block, Devanahalli, Bangalore, Karnataka 562111",Showroom Timing: 10:00 AM to 07:00 PM
Tata,Bannerghatta Road,/,Key Motor Ventures Pvt. Ltd. - Nelamangala,"No 172/4, Bhyraweshwra Nagar, Nelamangala Toll, Near Nava Yuga Tolla, Bangalore, Karnataka 562123",/
Tata,Bannerghatta Road,08045249114,Kht Motors-Kundalahalli,"No. 736, Vijayalakshmi Square, Kundalahalli Main Road, Bangalore, Karnataka 560066",Showroom Timing: 10:00 AM to 07:00 PM
Tata,Bannerghatta Road,9619259380,Prerana Motors-Yelahanka,"Survey No.1a- Block 20, Situated At Jakkur Plantation Village, Yelahanka Hobli, Bangalore, Karnataka 560064",Showroom Timing: 10:00 AM to 07:00 PM
